ad_spend,visitors,channel,sales
398.28,689,search,232.52
363.82,494,social,184.05
489.03,762,email,260.86
107.65,785,search,132.07
216.86,264,social,122.29
420.24,934,email,253.67
152.26,182,search,99.02
422.43,599,social,220.57
391.14,730,email,230.19
451.9,419,search,224.97
137.59,427,social,108.78
119.43,520,email,115.12
385.14,429,search,202.07
216.71,970,social,180.91
135.26,516,email,115.26
152.11,216,search,108.12
246.72,244,social,126.19
190.56,849,email,161.95
412.14,857,search,248.68
357.12,448,social,186.73
139.96,824,email,146.06
349.18,106,search,159.86
401.33,600,social,210.91
112.91,513,email,116.54
350.78,688,search,206.08
394.25,523,social,205.48
299.11,181,email,152.34
63.87,603,search,103.75
146.56,348,social,99.03
155.27,467,email,118.03
176.62,925,search,173.58
300.66,364,social,159.99
348.94,468,email,191.4
125.14,465,search,114.55
90.52,794,social,122.15
122.57,750,email,132.95
118.54,547,search,122.91
221.46,726,social,158.9
333.63,646,email,192.66
103.1,425,search,101.1
458.86,545,social,227.69
486.13,729,email,257.04
372.6,810,search,229.39
93.38,504,social,96.65
255.1,733,email,179.66
310.65,282,search,163.91
435.48,117,social,184.66
244.44,782,email,178.2
312.84,185,search,155.2
237.11,684,social,163.59
272.3,269,email,148.25
96.53,396,search,95.71
126.77,369,social,97.33
206.09,932,email,179.23
60.26,236,search,70.91
402.23,962,social,246.09
269.0,704,email,182.13
307.28,541,search,177.3
170.14,958,social,159.53
247.51,398,email,147.91
421.83,108,search,190.65
299.32,906,social,195.54
352.51,206,email,170.98
377.15,353,search,195.76
98.48,653,social,106.97
66.84,924,email,124.41
216.92,378,search,144.52
192.71,846,social,163.85
180.91,659,email,145.88
471.22,563,search,246.75
70.21,368,social,73.9
451.25,491,email,233.53
450.86,301,search,218.02
192.17,904,social,165.46
347.75,469,email,190.95
386.06,436,search,205.73
471.57,952,social,272.81
424.0,316,email,202.96
130.67,430,search,110.71
189.65,639,social,145.07
